Calculation1,School,City,County/State/Country,App GPA,Adm GPA,Enrl GPA
21ST CENTURY EXPERIMENTAL SCH694223,21ST CENTURY EXPERIMENTAL SCH,n/a ,"CHINA, PEOPLES REPUBLIC",3.84,3.89,3.94
ABBEY PARK HIGH SCHOOL826403,ABBEY PARK HIGH SCHOOL,n/a ,CANADA,4.06,4.07,
ACS INTERNATIONAL687199,ACS INTERNATIONAL,n/a ,SINGAPORE,3.76,3.75,
ADITYA BIRLA WORLD ACADEMY671666,ADITYA BIRLA WORLD ACADEMY,n/a ,INDIA,3.97,4.16,
ADNOC SCHOOLS697028,ADNOC SCHOOLS,n/a ,UNITED ARAB EMIRATES,3.4,,
AFFILIATED HIGH SC PEKING UNIV694474,AFFILIATED HIGH SC PEKING UNIV,n/a ,"CHINA, PEOPLES REPUBLIC",3.54,3.58,
AFFILIATED HS GUANGZHOU UNIV694492,AFFILIATED HS GUANGZHOU UNIV,n/a ,"CHINA, PEOPLES REPUBLIC",3.81,3.84,3.9
AFFILIATED HS HANGZHOU NORMAL694491,AFFILIATED HS HANGZHOU NORMAL,n/a ,"CHINA, PEOPLES REPUBLIC",3.72,3.87,
AFFILIATED HS S CHINA NORMAL694293,AFFILIATED HS S CHINA NORMAL,n/a ,"CHINA, PEOPLES REPUBLIC",3.76,3.85,3.79
AGA KHAN ACADEMY HYDERABAD671655,AGA KHAN ACADEMY HYDERABAD,n/a ,INDIA,3.73,3.94,
AHMEDABAD INTERNATIONAL SCHOOL671064,AHMEDABAD INTERNATIONAL SCHOOL,n/a ,INDIA,3.55,,
AIGLON COLLEGE796120,AIGLON COLLEGE,n/a ,SWITZERLAND,3.98,3.97,
AITCHISON COLLEGE690220,AITCHISON COLLEGE,n/a ,PAKISTAN,3.47,3.62,
AL-BAYAN BILINGUAL SCHOOL683083,AL-BAYAN BILINGUAL SCHOOL,n/a ,KUWAIT,3.84,3.96,
AMERICAN CMTY SCH OF ABU DHABI697001,AMERICAN CMTY SCH OF ABU DHABI,n/a ,UNITED ARAB EMIRATES,3.93,3.99,4.08
AMERICAN COMMUNITY SCHL-AMMAN681005,AMERICAN COMMUNITY SCHL-AMMAN,n/a ,JORDAN,3.66,3.66,
AMERICAN COMMUNITY SCHOOL685100,AMERICAN COMMUNITY SCHOOL,n/a ,LEBANON,3.84,3.99,
AMERICAN CREATIVITY ACADEMY683087,AMERICAN CREATIVITY ACADEMY,n/a ,KUWAIT,3.92,4,
AMERICAN EMBASSY SCHOOL671800,AMERICAN EMBASSY SCHOOL,n/a ,INDIA,3.92,4.04,
AMERICAN INTERNATIONAL SCHOOL670435,AMERICAN INTERNATIONAL SCHOOL,n/a ,HONG KONG,3.66,3.87,
AMERICAN INTERNATIONAL SCHOOL683086,AMERICAN INTERNATIONAL SCHOOL,n/a ,KUWAIT,3.92,4.09,
AMERICAN INTL SCH JOHANNESBURG640582,AMERICAN INTL SCH JOHANNESBURG,n/a ,SOUTH AFRICA,3.48,3.74,
AMERICAN INTL SCH OF GUANGZHOU694519,AMERICAN INTL SCH OF GUANGZHOU,n/a ,"CHINA, PEOPLES REPUBLIC",3.94,3.92,
AMERICAN INTL SCHOOL BUDAPEST739000,AMERICAN INTL SCHOOL BUDAPEST,n/a ,HUNGARY,3.42,,
AMERICAN INTL SCHOOL RIYADH692126,AMERICAN INTL SCHOOL RIYADH,n/a ,SAUDI ARABIA,3.66,3.77,
AMERICAN INTL SCHOOL VIENNA713080,AMERICAN INTL SCHOOL VIENNA,n/a ,AUSTRIA,3.94,,
AMERICAN INTRNTL SCHOOL JEDDAH692125,AMERICAN INTRNTL SCHOOL JEDDAH,n/a ,SAUDI ARABIA,3.9,3.98,
AMERICAN SCH FNDTN MONTERREY870760,AMERICAN SCH FNDTN MONTERREY,n/a ,MEXICO,3.91,4,
AMERICAN SCHOOL FOUNDATION870360,AMERICAN SCHOOL FOUNDATION,n/a ,MEXICO,3.67,3.77,
AMERICAN SCHOOL GUADALAJARA870160,AMERICAN SCHOOL GUADALAJARA,n/a ,MEXICO,3.24,,
AMERICAN SCHOOL IN JAPAN680400,AMERICAN SCHOOL IN JAPAN,n/a ,JAPAN,3.94,4.06,
AMERICAN SCHOOL IN SWITZERLAND796612,AMERICAN SCHOOL IN SWITZERLAND,n/a ,SWITZERLAND,3.36,,
AMERICAN SCHOOL IN TAICHUNG694310,AMERICAN SCHOOL IN TAICHUNG,n/a ,TAIWAN,3.86,3.91,3.93
AMERICAN SCHOOL OF BOMBAY671145,AMERICAN SCHOOL OF BOMBAY,n/a ,INDIA,3.9,3.95,
AMERICAN SCHOOL OF DOHA632000,AMERICAN SCHOOL OF DOHA,n/a ,QATAR,3.6,3.74,
AMERICAN SCHOOL OF DUBAI THE697050,AMERICAN SCHOOL OF DUBAI THE,n/a ,UNITED ARAB EMIRATES,3.9,3.95,
AMERICAN SCHOOL OF GUATEMALA854200,AMERICAN SCHOOL OF GUATEMALA,n/a ,GUATEMALA,3.48,,
AMERICAN SCHOOL OF KUWAIT683080,AMERICAN SCHOOL OF KUWAIT,n/a ,KUWAIT,3.79,3.98,
AMERICAN SCHOOL OF MADRID792450,AMERICAN SCHOOL OF MADRID,n/a ,SPAIN,3.89,3.87,
AMERICAN SCHOOL OF MILAN748240,AMERICAN SCHOOL OF MILAN,n/a ,ITALY,3.6,,
AMERICAN SCHOOL OF PARIS731270,AMERICAN SCHOOL OF PARIS,n/a ,FRANCE,3.73,3.97,
AMITY INTERNATIONAL SCHL-NOIDA671850,AMITY INTERNATIONAL SCHL-NOIDA,n/a ,INDIA,3.73,3.85,
ANAND NIKETAN INTERNATIONAL671012,ANAND NIKETAN INTERNATIONAL,n/a ,INDIA,3.74,3.74,
ANGLO-AMERICAN SCHOOL MOSCOW788590,ANGLO-AMERICAN SCHOOL MOSCOW,n/a ,RUSSIA,3.71,3.83,
ANGLO-CHINESE SCH INDEPENDENT687213,ANGLO-CHINESE SCH INDEPENDENT,n/a ,SINGAPORE,3.82,4.15,
APPLEBY COLLEGE826396,APPLEBY COLLEGE,n/a ,CANADA,4.14,4.16,4.14
ASHBURY COLLEGE826422,ASHBURY COLLEGE,n/a ,CANADA,3.94,,
ASIA AMERICAN INTRNTL ACADEMY694021,ASIA AMERICAN INTRNTL ACADEMY,n/a ,TAIWAN,3.75,3.77,
ASIA PACIFIC INTERNATIONAL SCH682222,ASIA PACIFIC INTERNATIONAL SCH,n/a ,"KOREA, REPUBLIC OF (SOUTH)",3.98,3.95,
ATENEO DE MANILA HIGH SCHOOL705440,ATENEO DE MANILA HIGH SCHOOL,n/a ,PHILIPPINES,3.27,3.42,
ATTACHED MIDDLE SCH JIANGXI U694449,ATTACHED MIDDLE SCH JIANGXI U,n/a ,"CHINA, PEOPLES REPUBLIC",3.84,3.84,4.07
AUCKLAND INTERNATIONAL COLLEGE703078,AUCKLAND INTERNATIONAL COLLEGE,n/a ,NEW ZEALAND,3.91,,
AUSTRALIA990002,AUSTRALIA,n/a ,,3.6,3.88,
B D SOMANI INTERNATIONAL SCH671663,B D SOMANI INTERNATIONAL SCH,n/a ,INDIA,3.78,3.82,
BAHRAIN BAYAN SCHOOL654166,BAHRAIN BAYAN SCHOOL,n/a ,BAHRAIN,3.9,3.9,
BALBOA ACADEMY880000,BALBOA ACADEMY,n/a ,PANAMA,3.92,,
BANDUNG ALLIANCE INTERCULTURAL672180,BANDUNG ALLIANCE INTERCULTURAL,n/a ,INDONESIA,4.14,4.14,
BANGALORE INTERNATIONAL SCHOOL671051,BANGALORE INTERNATIONAL SCHOOL,n/a ,INDIA,3.73,,
BANGKOK PATANA SCHOOL695190,BANGKOK PATANA SCHOOL,n/a ,THAILAND,3.18,,
BANGLADESH990004,BANGLADESH,n/a ,,3.61,3.65,
BASHU SEC SCH JOHN CARROLL PRO694088,BASHU SEC SCH JOHN CARROLL PRO,n/a ,"CHINA, PEOPLES REPUBLIC",4.06,4.06,
BASIS INTRNTL SCHOOL SHENZHEN694626,BASIS INTRNTL SCHOOL SHENZHEN,n/a ,"CHINA, PEOPLES REPUBLIC",3.95,3.98,
BAYVIEW SECONDARY SCHOOL826578,BAYVIEW SECONDARY SCHOOL,n/a ,CANADA,4.29,4.24,
BEACON ACADEMY705567,BEACON ACADEMY,n/a ,PHILIPPINES,3.61,,
BEANSTALK INTRNTL BILINGUAL694395,BEANSTALK INTRNTL BILINGUAL,n/a ,"CHINA, PEOPLES REPUBLIC",3.82,,
BEIJING ACADEMY - DONGBA CAMPUS694057,BEIJING ACADEMY - DONGBA CAMPUS,n/a ,"CHINA, PEOPLES REPUBLIC",3.87,3.87,
BEIJING AIDI SCHOOL694522,BEIJING AIDI SCHOOL,n/a ,"CHINA, PEOPLES REPUBLIC",3.73,3.78,3.94
BEIJING BAYI HIGH SCHOOL694504,BEIJING BAYI HIGH SCHOOL,n/a ,"CHINA, PEOPLES REPUBLIC",3.61,3.64,3.41
BEIJING CITY INTERNATIONAL SCH694234,BEIJING CITY INTERNATIONAL SCH,n/a ,"CHINA, PEOPLES REPUBLIC",4.09,4.13,
BEIJING ETOWN ACADEMY694080,BEIJING ETOWN ACADEMY,n/a ,"CHINA, PEOPLES REPUBLIC",3.5,3.58,
BEIJING HAIDIAN KAIWEN ACADEMY694042,BEIJING HAIDIAN KAIWEN ACADEMY,n/a ,"CHINA, PEOPLES REPUBLIC",3.76,3.76,
BEIJING HUIJIA PRIVATE SCHOOL694383,BEIJING HUIJIA PRIVATE SCHOOL,n/a ,"CHINA, PEOPLES REPUBLIC",3.95,4.07,4.1
BEIJING LU HE INTERNATIONAL HS694279,BEIJING LU HE INTERNATIONAL HS,n/a ,"CHINA, PEOPLES REPUBLIC",3.93,3.91,
BEIJING NATIONAL DAY SCHOOL694342,BEIJING NATIONAL DAY SCHOOL,n/a ,"CHINA, PEOPLES REPUBLIC",4.02,4.03,4.04
BEIJING NEW ORIENTAL YANGZHOU694407,BEIJING NEW ORIENTAL YANGZHOU,n/a ,"CHINA, PEOPLES REPUBLIC",3.54,3.7,
BEIJING NEW TALENT ACADEMY694574,BEIJING NEW TALENT ACADEMY,n/a ,"CHINA, PEOPLES REPUBLIC",3.81,3.86,
BEIJING NO 2 MIDDLE SCHOOL694445,BEIJING NO 2 MIDDLE SCHOOL,n/a ,"CHINA, PEOPLES REPUBLIC",3.91,3.93,3.94
BEIJING NO 8 HIGH SCHOOL694584,BEIJING NO 8 HIGH SCHOOL,n/a ,"CHINA, PEOPLES REPUBLIC",3.86,3.87,
BEIJING NO 12 HIGH SCHOOL694385,BEIJING NO 12 HIGH SCHOOL,n/a ,"CHINA, PEOPLES REPUBLIC",3.61,3.7,
BEIJING NO 35 HIGH SCHOOL694575,BEIJING NO 35 HIGH SCHOOL,n/a ,"CHINA, PEOPLES REPUBLIC",3.57,3.73,3.71
BEIJING NO 80 HIGH SCHOOL694227,BEIJING NO 80 HIGH SCHOOL,n/a ,"CHINA, PEOPLES REPUBLIC",3.92,3.92,4
BEIJING NO 101 HIGH SCHOOL694443,BEIJING NO 101 HIGH SCHOOL,n/a ,"CHINA, PEOPLES REPUBLIC",4.02,4.03,4.11
BEIJING NO. 4 HIGH SCHOOL694334,BEIJING NO. 4 HIGH SCHOOL,n/a ,"CHINA, PEOPLES REPUBLIC",4.04,4.03,
BEIJING ROYAL SCHOOL694209,BEIJING ROYAL SCHOOL,n/a ,"CHINA, PEOPLES REPUBLIC",4,4.01,4.01
BEIJING WORLD YOUTH ACADEMY694369,BEIJING WORLD YOUTH ACADEMY,n/a ,"CHINA, PEOPLES REPUBLIC",3.86,3.91,
BIG HEART CHRISTIAN SCHOOL682350,BIG HEART CHRISTIAN SCHOOL,n/a ,"KOREA, REPUBLIC OF (SOUTH)",4,4.02,
BINUS INTRNTL SCHOOL-SIMPRUG672106,BINUS INTRNTL SCHOOL-SIMPRUG,n/a ,INDONESIA,3.68,3.88,
BISHOP COTTON BOYS SCHOOL671072,BISHOP COTTON BOYS SCHOOL,n/a ,INDIA,3.77,3.71,
BISHOP STRACHAN SCHOOL826756,BISHOP STRACHAN SCHOOL,n/a ,CANADA,4.13,4.1,
BRANKSOME HALL ASIA682210,BRANKSOME HALL ASIA,n/a ,"KOREA, REPUBLIC OF (SOUTH)",4,4.02,
BRANKSOME HALL SCHOOL826765,BRANKSOME HALL SCHOOL,n/a ,CANADA,4.26,4.26,
BRAZIL990006,BRAZIL,n/a ,,3.26,3.52,
BRENT INTERNATIONAL SCH MANILA705450,BRENT INTERNATIONAL SCH MANILA,n/a ,PHILIPPINES,3.89,,
BRENTWOOD COLLEGE SCHOOL821060,BRENTWOOD COLLEGE SCHOOL,n/a ,CANADA,3.77,3.82,
BRITISH COLUMBIA ACADEMY694214,BRITISH COLUMBIA ACADEMY,n/a ,"CHINA, PEOPLES REPUBLIC",3.64,3.67,
BRITISH INTRNTL SCHL SHANGHAI694326,BRITISH INTRNTL SCHL SHANGHAI,n/a ,"CHINA, PEOPLES REPUBLIC",3.52,,
BRITISH SCHOOL MANILA705380,BRITISH SCHOOL MANILA,n/a ,PHILIPPINES,3.83,,
BRITISH SCHOOL OF RIO910240,BRITISH SCHOOL OF RIO,n/a ,BRAZIL,3.99,,
BRITISH SCHOOL-RIO DE JANEIRO910241,BRITISH SCHOOL-RIO DE JANEIRO,n/a ,BRAZIL,3.87,3.93,
BUGIL ACADEMY682187,BUGIL ACADEMY,n/a ,"KOREA, REPUBLIC OF (SOUTH)",4.2,4.18,
BURNABY NORTH SECONDARY SCHOOL821028,BURNABY NORTH SECONDARY SCHOOL,n/a ,CANADA,3.7,,
BURNABY SOUTH SECONDARY SCHOOL821030,BURNABY SOUTH SECONDARY SCHOOL,n/a ,CANADA,4.14,,
BUSAN FOREIGN SCHOOL682022,BUSAN FOREIGN SCHOOL,n/a ,"KOREA, REPUBLIC OF (SOUTH)",3.9,3.89,
CAIRO AMERICAN COLLEGE648300,CAIRO AMERICAN COLLEGE,n/a ,EGYPT,3.72,,
CALCUTTA INTERNATIONAL SCHOOL671485,CALCUTTA INTERNATIONAL SCHOOL,n/a ,INDIA,3.96,,
CAMFORD ROYAL SCHOOL694230,CAMFORD ROYAL SCHOOL,n/a ,"CHINA, PEOPLES REPUBLIC",3.83,3.97,
CANADA990009,CANADA,n/a ,,3.79,3.85,3.89
CANADIAN INTERNATIONAL BEIJING694216,CANADIAN INTERNATIONAL BEIJING,n/a ,"CHINA, PEOPLES REPUBLIC",4.06,,
CANADIAN INTERNATIONAL SCHOOL671053,CANADIAN INTERNATIONAL SCHOOL,n/a ,INDIA,3.51,,
CANADIAN INTL SCH HONG KONG670017,CANADIAN INTL SCH HONG KONG,n/a ,HONG KONG,4.15,4.15,
CANADIAN INTRNTL SCHOOL-SINGAP687237,CANADIAN INTRNTL SCHOOL-SINGAP,n/a ,SINGAPORE,3.55,3.82,
CATHEDRAL & JOHN CONNON SCHOOL671160,CATHEDRAL & JOHN CONNON SCHOOL,n/a ,INDIA,4.02,4.02,
CEDAR COLLEGE690380,CEDAR COLLEGE,n/a ,PAKISTAN,3.27,,
CHADWICK INTERNATIONAL SCHOOL682171,CHADWICK INTERNATIONAL SCHOOL,n/a ,"KOREA, REPUBLIC OF (SOUTH)",4.04,4.06,4.14
CHANGJUN HIGH SCHOOL-CHANGSHA694265,CHANGJUN HIGH SCHOOL-CHANGSHA,n/a ,"CHINA, PEOPLES REPUBLIC",3.97,3.99,4.02
CHANGZHOU FOREIGN LANGUAGE SCHOOL694618,CHANGZHOU FOREIGN LANGUAGE SCHOOL,n/a ,"CHINA, PEOPLES REPUBLIC",3.5,3.62,
CHANGZHOU S/M JIANGSU PROVINCE694232,CHANGZHOU S/M JIANGSU PROVINCE,n/a ,"CHINA, PEOPLES REPUBLIC",4,4,
CHAPEL SCHOOL910750,CHAPEL SCHOOL,n/a ,BRAZIL,3.81,,
CHENG DU MEISHI INTRNTL SCHL694364,CHENG DU MEISHI INTRNTL SCHL,n/a ,"CHINA, PEOPLES REPUBLIC",3.73,,
CHENGDU FOREIGN LANGUAGE SCH694274,CHENGDU FOREIGN LANGUAGE SCH,n/a ,"CHINA, PEOPLES REPUBLIC",3.83,3.88,3.97
CHENGDU NO 7 HIGH SCHOOL694457,CHENGDU NO 7 HIGH SCHOOL,n/a ,"CHINA, PEOPLES REPUBLIC",3.74,3.79,3.76
CHENGDU SHISHI TIANFU HS694532,CHENGDU SHISHI TIANFU HS,n/a ,"CHINA, PEOPLES REPUBLIC",3.91,3.99,3.99
CHENGDU SHUDE HIGH SCHOOL694370,CHENGDU SHUDE HIGH SCHOOL,n/a ,"CHINA, PEOPLES REPUBLIC",3.83,3.87,
CHEONGNA DALTON SCHOOL682195,CHEONGNA DALTON SCHOOL,n/a ,"KOREA, REPUBLIC OF (SOUTH)",3.93,4.05,
CHEONGSHIM INTERNATIONAL ACAD682029,CHEONGSHIM INTERNATIONAL ACAD,n/a ,"KOREA, REPUBLIC OF (SOUTH)",4.07,4.15,
CHINA PEOPLES REPUB990010,CHINA PEOPLES REPUB,n/a ,,3.74,3.81,3.86
CHINESE INTERNATIONAL SCHOOL670035,CHINESE INTERNATIONAL SCHOOL,n/a ,HONG KONG,4.05,4.09,4.19
CHIREC INTERNATIONAL SCHOOL671684,CHIREC INTERNATIONAL SCHOOL,n/a ,INDIA,3.97,4.05,4.09
CHONGQING BACHUAN INTRNTL HS694028,CHONGQING BACHUAN INTRNTL HS,n/a ,"CHINA, PEOPLES REPUBLIC",3.56,3.56,
CHONGQING FOREIGN LANGUAGE SCH694412,CHONGQING FOREIGN LANGUAGE SCH,n/a ,"CHINA, PEOPLES REPUBLIC",4.07,4.07,4.06
CHONGQING NANKAI SECONDARY SCH694382,CHONGQING NANKAI SECONDARY SCH,n/a ,"CHINA, PEOPLES REPUBLIC",3.96,3.97,4.02
CHONGQING NO 1 INTL STUDIES SC694406,CHONGQING NO 1 INTL STUDIES SC,n/a ,"CHINA, PEOPLES REPUBLIC",3.9,3.97,
CHONGQING NO 2 FOREIGN LNG SCH694358,CHONGQING NO 2 FOREIGN LNG SCH,n/a ,"CHINA, PEOPLES REPUBLIC",3.74,3.78,
CHRISTIAN ACADEMY IN JAPAN680420,CHRISTIAN ACADEMY IN JAPAN,n/a ,JAPAN,4.11,,
CLIFFORD SCHOOL694212,CLIFFORD SCHOOL,n/a ,"CHINA, PEOPLES REPUBLIC",3.67,3.75,
COLEGIO ANGLO COLOMBIANO925300,COLEGIO ANGLO COLOMBIANO,n/a ,COLOMBIA,3.96,,
COLEGIO FRANKLIN D ROOSEVELT940240,COLEGIO FRANKLIN D ROOSEVELT,n/a ,PERU,3.99,4.04,
COLEGIO SANTA CRUZ910595,COLEGIO SANTA CRUZ,n/a ,BRAZIL,2.93,,
COLLEGE DU LEMAN INTL SCHOOL796820,COLLEGE DU LEMAN INTL SCHOOL,n/a ,SWITZERLAND,3.64,3.93,
COLLEGE LOUISE WEGMANN685482,COLLEGE LOUISE WEGMANN,n/a ,LEBANON,3.95,,
COLLEGE NOTRE-DAME DE JAMHOUR685489,COLLEGE NOTRE-DAME DE JAMHOUR,n/a ,LEBANON,3.68,,
COLLINGWOOD SCHOOL821749,COLLINGWOOD SCHOOL,n/a ,CANADA,3.93,3.94,
COLOMBIA990012,COLOMBIA,n/a ,,3.33,,
COLOMBO INTERNATIONAL SCHOOL638005,COLOMBO INTERNATIONAL SCHOOL,n/a ,SRI LANKA,3,,
COLONEL BY SECONDARY SCHOOL826433,COLONEL BY SECONDARY SCHOOL,n/a ,CANADA,4.22,4.21,
CONCORDIA INTER SCHOOL SHANGHA694220,CONCORDIA INTER SCHOOL SHANGHA,n/a ,"CHINA, PEOPLES REPUBLIC",3.91,3.99,
CONCORDIAN INTERNATIONAL SCH695519,CONCORDIAN INTERNATIONAL SCH,n/a ,THAILAND,3.87,3.97,
CORNERSTONE COLL ACAD OF SEOUL682034,CORNERSTONE COLL ACAD OF SEOUL,n/a ,"KOREA, REPUBLIC OF (SOUTH)",4.1,4.1,
CRESCENT SCHOOL826956,CRESCENT SCHOOL,n/a ,CANADA,4.09,,
CROFTON HOUSE SCHOOL821420,CROFTON HOUSE SCHOOL,n/a ,CANADA,3.99,4.02,4.11
DAEGU INTERNATIONAL SCHOOL682002,DAEGU INTERNATIONAL SCHOOL,n/a ,"KOREA, REPUBLIC OF (SOUTH)",4.1,4.16,
DALIAN AMERICAN INTRNTL SCHOOL694247,DALIAN AMERICAN INTRNTL SCHOOL,n/a ,"CHINA, PEOPLES REPUBLIC",3.58,3.73,
DALIAN MAPLE LEAF INTL SCHOOL694205,DALIAN MAPLE LEAF INTL SCHOOL,n/a ,"CHINA, PEOPLES REPUBLIC",3.91,3.89,
DAR AL FIKR BOYS SCHOOL692123,DAR AL FIKR BOYS SCHOOL,n/a ,SAUDI ARABIA,3.98,3.99,
DAR AL FIKR SCHOOL GIRLS692124,DAR AL FIKR SCHOOL GIRLS,n/a ,SAUDI ARABIA,3.94,3.94,
DAR JANA INTERNATIONAL SCH692141,DAR JANA INTERNATIONAL SCH,n/a ,SAUDI ARABIA,3.79,,
DELHI PUB SCHL BANGALORE NORTH671113,DELHI PUB SCHL BANGALORE NORTH,n/a ,INDIA,3.69,,
DELHI PUB SCHL-BANGALORE SOUTH671702,DELHI PUB SCHL-BANGALORE SOUTH,n/a ,INDIA,3.33,,
DELHI PUBLIC SCHL VASANT KUNJ671024,DELHI PUBLIC SCHL VASANT KUNJ,n/a ,INDIA,3.73,3.72,
DELHI PUBLIC SCHL-BANGALORE E671607,DELHI PUBLIC SCHL-BANGALORE E,n/a ,INDIA,3.88,,
DELHI PUBLIC SCHOOL - BOPAL671241,DELHI PUBLIC SCHOOL - BOPAL,n/a ,INDIA,3.57,,
DELHI PUBLIC SCHOOL R K PURAM671830,DELHI PUBLIC SCHOOL R K PURAM,n/a ,INDIA,3.79,3.81,3.81
DELHI PUBLIC SCHOOL-GURGAON671305,DELHI PUBLIC SCHOOL-GURGAON,n/a ,INDIA,3.62,3.56,
DHAHRAN AHLIYYA SCHOOL692145,DHAHRAN AHLIYYA SCHOOL,n/a ,SAUDI ARABIA,3.92,3.98,3.93
DHAHRAN HIGH SCHOOL692103,DHAHRAN HIGH SCHOOL,n/a ,SAUDI ARABIA,3.86,3.77,
DHIRUBHAI AMBANI INTL SCHOOL671661,DHIRUBHAI AMBANI INTL SCHOOL,n/a ,INDIA,3.98,4.19,
DIOCESAN BOYS SCHOOL670470,DIOCESAN BOYS SCHOOL,n/a ,HONG KONG,3.93,4.03,
DIOCESAN GIRLS SCHOOL670480,DIOCESAN GIRLS SCHOOL,n/a ,HONG KONG,2.81,,
DOMINICAN INTERNATIONAL SCH694305,DOMINICAN INTERNATIONAL SCH,n/a ,TAIWAN,3.69,,
DOON SCHOOL671616,DOON SCHOOL,n/a ,INDIA,4.02,4.03,3.89
DPS MODERN INDIAN SCHL - DOHA632091,DPS MODERN INDIAN SCHL - DOHA,n/a ,QATAR,3.98,3.99,
DUBAI AMERICAN ACADEMY697012,DUBAI AMERICAN ACADEMY,n/a ,UNITED ARAB EMIRATES,3.77,3.92,3.89
DUBAI INTERNATIONAL ACADEMY697027,DUBAI INTERNATIONAL ACADEMY,n/a ,UNITED ARAB EMIRATES,3.78,3.81,
DUBAI MODERN HIGH SCHOOL697036,DUBAI MODERN HIGH SCHOOL,n/a ,UNITED ARAB EMIRATES,3.74,3.95,
DULWICH INTRNTL HS SUZHOU694496,DULWICH INTRNTL HS SUZHOU,n/a ,"CHINA, PEOPLES REPUBLIC",3.39,3.36,
DUNMAN HIGH SCHOOL687197,DUNMAN HIGH SCHOOL,n/a ,SINGAPORE,3.56,,
DWIGHT SCHOOL SEOUL682173,DWIGHT SCHOOL SEOUL,n/a ,"KOREA, REPUBLIC OF (SOUTH)",3.54,,
EAST CHINA NORMAL UNIV AFL BIL694093,EAST CHINA NORMAL UNIV AFL BIL,n/a ,"CHINA, PEOPLES REPUBLIC",3.73,3.89,
ECOLE ACTIVE BILINGUE JM731595,ECOLE ACTIVE BILINGUE JM,n/a ,FRANCE,3.68,,
ECOLE MONDIALE WORLD SCHOOL671668,ECOLE MONDIALE WORLD SCHOOL,n/a ,INDIA,3.8,3.88,
ECOLE MOSCROP SECONDARY SCHOOL821037,ECOLE MOSCROP SECONDARY SCHOOL,n/a ,CANADA,3.97,3.95,
EGYPT990017,EGYPT,n/a ,EGYPT,3.52,,
ELGIN PARK SECONDARY SCHOOL821102,ELGIN PARK SECONDARY SCHOOL,n/a ,CANADA,3.95,4,
EMIRATES INTERNATIONAL SCHOOL697024,EMIRATES INTERNATIONAL SCHOOL,n/a ,UNITED ARAB EMIRATES,3.61,3.8,
ESCOLA AMERI DO RIO DE JANEIRO910450,ESCOLA AMERI DO RIO DE JANEIRO,n/a ,BRAZIL,3.82,3.83,
ESCOLA GRADUADA DE SAO PAULO910650,ESCOLA GRADUADA DE SAO PAULO,n/a ,BRAZIL,3.8,3.77,
EUNOIA JUNIOR COLLEGE687113,EUNOIA JUNIOR COLLEGE,n/a ,SINGAPORE,3.51,,
FAYSTON PREPARATORY SCHOOL682398,FAYSTON PREPARATORY SCHOOL,n/a ,"KOREA, REPUBLIC OF (SOUTH)",3.62,3.77,
FIITJEE JUNIOR COLLEGE671630,FIITJEE JUNIOR COLLEGE,n/a ,INDIA,3.37,3.32,
FIRST HIGH SCHOOL OF CHANGSHA694576,FIRST HIGH SCHOOL OF CHANGSHA,n/a ,"CHINA, PEOPLES REPUBLIC",3.88,3.88,
FRANCE990021,FRANCE,n/a ,,3.66,3.7,
FRANKFURT INTERNATIONAL SCHOOL734775,FRANKFURT INTERNATIONAL SCHOOL,n/a ,GERMANY,4.13,,
FRENCH INTERNATIONAL SCHOOL670100,FRENCH INTERNATIONAL SCHOOL,n/a ,HONG KONG,3.65,,
FUNDACAO ANGLO BRASILEIRA910700,FUNDACAO ANGLO BRASILEIRA,n/a ,BRAZIL,3.91,3.92,
FUZHOU NO 3 HIGH SCHOOL694266,FUZHOU NO 3 HIGH SCHOOL,n/a ,"CHINA, PEOPLES REPUBLIC",3.93,3.94,
FUZHOU NO 8 HIGH SCHOOL694606,FUZHOU NO 8 HIGH SCHOOL,n/a ,"CHINA, PEOPLES REPUBLIC",3.69,,
GANDHI MEMORIAL INTNL SCHOOL672189,GANDHI MEMORIAL INTNL SCHOOL,n/a ,INDONESIA,3.98,,
GEMS WORLD ACADEMY697067,GEMS WORLD ACADEMY,n/a ,UNITED ARAB EMIRATES,3.91,,
GERMANY990022,GERMANY,n/a ,GERMANY,3.5,3.7,
GHANA990023,GHANA,n/a ,,3.19,,
GLENEAGLE SECONDARY SCHOOL821091,GLENEAGLE SECONDARY SCHOOL,n/a ,CANADA,3.96,,
GLENLYON-NORFOLK SCHOOL821660,GLENLYON-NORFOLK SCHOOL,n/a ,CANADA,3.78,,
GLOBAL INDIAN INTRNTL SCHOOL687202,GLOBAL INDIAN INTRNTL SCHOOL,n/a ,SINGAPORE,3.98,3.94,
GLOBAL JAYA INTERNATIONL SCHOL672111,GLOBAL JAYA INTERNATIONL SCHOL,n/a ,INDONESIA,3.73,,
GLOBAL VISION CHRISTIAN SCHOOL682000,GLOBAL VISION CHRISTIAN SCHOOL,n/a ,"KOREA, REPUBLIC OF (SOUTH)",3.96,4.01,
GOLDCREST INTERNATIONAL671814,GOLDCREST INTERNATIONAL,n/a ,INDIA,3.52,,
GOOD SHEPHERD INTNL SCHOOL671067,GOOD SHEPHERD INTNL SCHOOL,n/a ,INDIA,3.41,3.53,
GRAND LYCEE FRANCO LIBANAIS685301,GRAND LYCEE FRANCO LIBANAIS,n/a ,LEBANON,3.68,,
GREENGATES SCHOOL870480,GREENGATES SCHOOL,n/a ,MEXICO,4.03,4.04,
GREENWOOD HIGH SCHOOL671681,GREENWOOD HIGH SCHOOL,n/a ,INDIA,3.82,3.93,
GUANGDONG EXPERIMENTAL HS694564,GUANGDONG EXPERIMENTAL HS,n/a ,"CHINA, PEOPLES REPUBLIC",3.88,3.9,3.96
GUANGZHOU FOREIGN LANGUAGE SCH694356,GUANGZHOU FOREIGN LANGUAGE SCH,n/a ,"CHINA, PEOPLES REPUBLIC",3.95,3.96,4.02
GUANGZHOU NO 6 HIGH SCHOOL694534,GUANGZHOU NO 6 HIGH SCHOOL,n/a ,"CHINA, PEOPLES REPUBLIC",3.99,4.02,
GUI YANG HAPPY VLY INT EXP SCH694081,GUI YANG HAPPY VLY INT EXP SCH,n/a ,"CHINA, PEOPLES REPUBLIC",3.76,,
GYEONGGI SUWON INTERNATIONAL682018,GYEONGGI SUWON INTERNATIONAL,n/a ,"KOREA, REPUBLIC OF (SOUTH)",3.85,3.83,4
HAIDIAN FOREIGN LANGUAGE ACAD694262,HAIDIAN FOREIGN LANGUAGE ACAD,n/a ,"CHINA, PEOPLES REPUBLIC",3.91,3.93,4.03
HAIMEN ZHONGNAN DONGZHOU INTL694029,HAIMEN ZHONGNAN DONGZHOU INTL,n/a ,"CHINA, PEOPLES REPUBLIC",3.83,3.83,
HAINAN OVERSEAS CHINESE MID SC694442,HAINAN OVERSEAS CHINESE MID SC,n/a ,"CHINA, PEOPLES REPUBLIC",3.77,3.77,
HANDSWORTH SECONDARY SCHOOL821245,HANDSWORTH SECONDARY SCHOOL,n/a ,CANADA,3.81,,
HANGZHOU #14 MID SCH-ZHEJIANG694233,HANGZHOU #14 MID SCH-ZHEJIANG,n/a ,"CHINA, PEOPLES REPUBLIC",3.86,3.9,3.99
HANGZHOU FOREIGN LANGUAGES SCH694273,HANGZHOU FOREIGN LANGUAGES SCH,n/a ,"CHINA, PEOPLES REPUBLIC",3.62,3.7,
HANGZHOU HS QIANJIANG CAMPUS694579,HANGZHOU HS QIANJIANG CAMPUS,n/a ,"CHINA, PEOPLES REPUBLIC",3.68,3.72,3.92
HANKUK ACAD OF FOREIGN STUDIES682011,HANKUK ACAD OF FOREIGN STUDIES,n/a ,"KOREA, REPUBLIC OF (SOUTH)",4.12,4.15,
HAVERGAL COLLEGE826804,HAVERGAL COLLEGE,n/a ,CANADA,4.01,,
HEADSTART SCHOOL690200,HEADSTART SCHOOL,n/a ,PAKISTAN,3.62,,
HEFEI NO 1 HIGH SCHOOL694493,HEFEI NO 1 HIGH SCHOOL,n/a ,"CHINA, PEOPLES REPUBLIC",4.1,4.1,4.11
HEFEI NO 6 HIGH SCHOOL694654,HEFEI NO 6 HIGH SCHOOL,n/a ,"CHINA, PEOPLES REPUBLIC",3.84,3.92,3.9
HEFEI NO 8 HIGH SCHOOL694341,HEFEI NO 8 HIGH SCHOOL,n/a ,"CHINA, PEOPLES REPUBLIC",4.04,4.03,4.02
HENAN EXPERIMENTAL HIGH SCHOOL694401,HENAN EXPERIMENTAL HIGH SCHOOL,n/a ,"CHINA, PEOPLES REPUBLIC",3.83,3.91,3.89
HERITAGE XPERIENTIAL LEARNING671075,HERITAGE XPERIENTIAL LEARNING,n/a ,INDIA,3.71,3.73,
HIGH SCH @RENMIN UNIV OF CHINA694270,HIGH SCH @RENMIN UNIV OF CHINA,n/a ,"CHINA, PEOPLES REPUBLIC",3.96,4.02,4
HIGH SCH AFLTD NANJING NORMAL694298,HIGH SCH AFLTD NANJING NORMAL,n/a ,"CHINA, PEOPLES REPUBLIC",3.99,4.02,4.05
HIGH SCH AFLTD XIAN JIAOTONG U694461,HIGH SCH AFLTD XIAN JIAOTONG U,n/a ,"CHINA, PEOPLES REPUBLIC",3.8,,
HIGH SCH ATTACHED HUNAN NORMAL694367,HIGH SCH ATTACHED HUNAN NORMAL,n/a ,"CHINA, PEOPLES REPUBLIC",3.89,,
HIGH SCH ATTACHED NE NRML UNIV694306,HIGH SCH ATTACHED NE NRML UNIV,n/a ,"CHINA, PEOPLES REPUBLIC",3.74,3.83,
HIGH SCH CAPITAL NORMAL UNIV694272,HIGH SCH CAPITAL NORMAL UNIV,n/a ,"CHINA, PEOPLES REPUBLIC",4,4.04,4.03
HIGH SCHL AT NORTHWEST NORMAL694336,HIGH SCHL AT NORTHWEST NORMAL,n/a ,"CHINA, PEOPLES REPUBLIC",3.92,4.01,4
HIGH SCHL SHANGHAI JIAO TONG U694458,HIGH SCHL SHANGHAI JIAO TONG U,n/a ,"CHINA, PEOPLES REPUBLIC",3.99,4.02,3.9
HIGH SCHL-BEIJING NORMAL UNIV694423,HIGH SCHL-BEIJING NORMAL UNIV,n/a ,"CHINA, PEOPLES REPUBLIC",3.97,3.97,
HIGH SCHOOL AFF NANJING NORMAL694633,HIGH SCHOOL AFF NANJING NORMAL,n/a ,"CHINA, PEOPLES REPUBLIC",3.84,3.84,3.85
HIGH SCHOOL ATTACHED SHANDONG694337,HIGH SCHOOL ATTACHED SHANDONG,n/a ,"CHINA, PEOPLES REPUBLIC",3.96,3.97,
HILL SPRING INTERNATIONAL SCHL671658,HILL SPRING INTERNATIONAL SCHL,n/a ,INDIA,4.19,4.24,
HOHHOT NO 2 HIGH SCHOOL694505,HOHHOT NO 2 HIGH SCHOOL,n/a ,"CHINA, PEOPLES REPUBLIC",3.8,3.91,3.97
HOLY TRINITY SCHOOL826583,HOLY TRINITY SCHOOL,n/a ,CANADA,3.91,,
HONG KONG INTERNATIONAL SCHOOL670885,HONG KONG INTERNATIONAL SCHOOL,n/a ,HONG KONG,3.91,3.92,3.99
HONG KONG990027,HONG KONG,n/a ,,2.87,2.83,
HUAMEI-BOND INTERNATIONAL COLG694286,HUAMEI-BOND INTERNATIONAL COLG,n/a ,"CHINA, PEOPLES REPUBLIC",3.64,,
HUMPHREYS HIGH SCHOOL562033,HUMPHREYS HIGH SCHOOL,n/a ,APO/FPO/CPO USA,4.05,4,
HWA CHONG INSTITUTION687210,HWA CHONG INSTITUTION,n/a ,SINGAPORE,3.56,,
HWA CHONG INTERNATIONAL SCHOOL687008,HWA CHONG INTERNATIONAL SCHOOL,n/a ,SINGAPORE,3.53,,
I-SHOU INTERNATIONAL SCHOOL694252,I-SHOU INTERNATIONAL SCHOOL,n/a ,TAIWAN,3.66,,
IBN KHULDOON NATIONAL SCH654013,IBN KHULDOON NATIONAL SCH,n/a ,BAHRAIN,3.91,,
IMMACULATE CONCEPTION ACADEMY705819,IMMACULATE CONCEPTION ACADEMY,n/a ,PHILIPPINES,3.76,3.75,
INDEPENDENT SCHOOLS FOUNDATION670889,INDEPENDENT SCHOOLS FOUNDATION,n/a ,HONG KONG,3.99,4.03,
INDIA990029,INDIA,n/a ,,3.77,3.83,3.85
INDIAN HIGH SCHOOL697011,INDIAN HIGH SCHOOL,n/a ,UNITED ARAB EMIRATES,3.92,3.91,
INDIAN SCHOOL AL GHUBRA688111,INDIAN SCHOOL AL GHUBRA,n/a ,OMAN,3.86,,
INDONESIA990030,INDONESIA,n/a ,,3.48,3.73,3.69
INDUS INTERNATIONAL SCHL-PUNE671811,INDUS INTERNATIONAL SCHL-PUNE,n/a ,INDIA,3.6,3.91,
INDUS INTERNATIONAL SCHOOL671069,INDUS INTERNATIONAL SCHOOL,n/a ,INDIA,3.5,3.63,
INSTITUT LE ROSEY796730,INSTITUT LE ROSEY,n/a ,SWITZERLAND,4.04,,
INT SCHOOL GENEVA CHAT796280,INT SCHOOL GENEVA CHAT,n/a ,SWITZERLAND,3.83,3.86,
INTERNATIONAL ACADEMY AMMAN681068,INTERNATIONAL ACADEMY AMMAN,n/a ,JORDAN,3.52,4.01,
INTERNATIONAL CHRISTIAN SCHOOL670529,INTERNATIONAL CHRISTIAN SCHOOL,n/a ,HONG KONG,3.99,3.98,3.97
INTERNATIONAL COLLEGE BEIRUT685300,INTERNATIONAL COLLEGE BEIRUT,n/a ,LEBANON,4.07,4.07,4.03
INTERNATIONAL COMMUNITY SCHOOL695209,INTERNATIONAL COMMUNITY SCHOOL,n/a ,THAILAND,4.03,4,
INTERNATIONAL PROGRAMS SCHOOL692105,INTERNATIONAL PROGRAMS SCHOOL,n/a ,SAUDI ARABIA,3.94,3.96,
INTERNATIONAL SCH KUALA LUMPUR686170,INTERNATIONAL SCH KUALA LUMPUR,n/a ,MALAYSIA,3.84,4.07,
INTERNATIONAL SCH NIDO AGUILAS920450,INTERNATIONAL SCH NIDO AGUILAS,n/a ,CHILE,3.98,4.06,
INTERNATIONAL SCH SACRED HEART680520,INTERNATIONAL SCH SACRED HEART,n/a ,JAPAN,3.99,,
INTERNATIONAL SCHOOL AMSTERDAM759120,INTERNATIONAL SCHOOL AMSTERDAM,n/a ,NETHERLANDS,3.92,3.92,
INTERNATIONAL SCHOOL BANGALORE671055,INTERNATIONAL SCHOOL BANGALORE,n/a ,INDIA,3.92,4.07,
INTERNATIONAL SCHOOL BANGKOK695220,INTERNATIONAL SCHOOL BANGKOK,n/a ,THAILAND,3.94,3.99,4.01
INTERNATIONAL SCHOOL BASEL796012,INTERNATIONAL SCHOOL BASEL,n/a ,SWITZERLAND,3.84,3.76,
INTERNATIONAL SCHOOL CHOUEIFAT697051,INTERNATIONAL SCHOOL CHOUEIFAT,n/a ,UNITED ARAB EMIRATES,3.61,3.71,
INTERNATIONAL SCHOOL CHOUEIFAT697052,INTERNATIONAL SCHOOL CHOUEIFAT,n/a ,UNITED ARAB EMIRATES,3.71,3.83,
INTERNATIONAL SCHOOL HCMC698010,INTERNATIONAL SCHOOL HCMC,n/a ,VIETNAM,3.91,3.98,
INTERNATIONAL SCHOOL HYDERABAD671634,INTERNATIONAL SCHOOL HYDERABAD,n/a ,INDIA,3.92,3.97,
INTERNATIONAL SCHOOL MANILA705720,INTERNATIONAL SCHOOL MANILA,n/a ,PHILIPPINES,4.01,3.97,4.06
INTERNATIONAL SCHOOL MYANMAR653060,INTERNATIONAL SCHOOL MYANMAR,n/a ,"MYANMAR, UNION OF (BURMA)",3.88,3.93,4.07
INTERNATIONAL SCHOOL OF BEIJING694515,INTERNATIONAL SCHOOL OF BEIJING,n/a ,"CHINA, PEOPLES REPUBLIC",3.97,4.06,4.06
INTERNATIONAL SCHOOL OF GENEVA796240,INTERNATIONAL SCHOOL OF GENEVA,n/a ,SWITZERLAND,3.87,3.99,3.86
INTERNATIONAL SCHOOL OF KENYA619590,INTERNATIONAL SCHOOL OF KENYA,n/a ,KENYA,3.79,3.86,
INTERNATIONAL SCHOOL YANGON653105,INTERNATIONAL SCHOOL YANGON,n/a ,"MYANMAR, UNION OF (BURMA)",4.03,3.98,
INTL CMTY SCH OF ADDIS ABABA560040,INTL CMTY SCH OF ADDIS ABABA,n/a ,ETHIOPIA,3.63,3.8,
IPEKA INTEGRATED CHRISTIAN SCH672140,IPEKA INTEGRATED CHRISTIAN SCH,n/a ,INDONESIA,3.89,3.92,
ITALY990034,ITALY,n/a ,,3.82,,
ITESM CAMPUS SANTA FE870106,ITESM CAMPUS SANTA FE,n/a ,MEXICO,3.92,4.13,
JAKARTA INTERNATIONAL SCHOOL672090,JAKARTA INTERNATIONAL SCHOOL,n/a ,INDONESIA,3.84,4.03,
JAMNABAI NARSEE INTERNATIONAL671122,JAMNABAI NARSEE INTERNATIONAL,n/a ,INDIA,3.71,3.83,
JAMNABAI NARSEE SCHOOL671741,JAMNABAI NARSEE SCHOOL,n/a ,INDIA,3.57,3.68,
JAPAN990036,JAPAN,n/a ,,3.58,3.91,4.07
JAYSHREE PERIWAL INTERNATIONAL671639,JAYSHREE PERIWAL INTERNATIONAL,n/a ,INDIA,4.13,,
JEDDAH KNOWLEDGE SCHOOL697026,JEDDAH KNOWLEDGE SCHOOL,n/a ,SAUDI ARABIA,4.07,4.03,
JIANGSU TIANYI HIGH SCHOOL694299,JIANGSU TIANYI HIGH SCHOOL,n/a ,"CHINA, PEOPLES REPUBLIC",3.85,3.93,3.99
JIANGSU XISHAN SENIOR HIGH SCH694652,JIANGSU XISHAN SENIOR HIGH SCH,n/a ,"CHINA, PEOPLES REPUBLIC",3.68,3.82,
JIANGXI UNIVERSITY OF TECH HS694103,JIANGXI UNIVERSITY OF TECH HS,n/a ,"CHINA, PEOPLES REPUBLIC",3.61,3.61,
JIAXIANG FOREIGN LANGUAGE SCHL694605,JIAXIANG FOREIGN LANGUAGE SCHL,n/a ,"CHINA, PEOPLES REPUBLIC",3.79,3.87,
JINAN FOREIGN LANGUAGE SCHOOL694352,JINAN FOREIGN LANGUAGE SCHOOL,n/a ,"CHINA, PEOPLES REPUBLIC",3.98,3.92,
JINAN THOMAS SCHOOL694108,JINAN THOMAS SCHOOL,n/a ,"CHINA, PEOPLES REPUBLIC",3.56,3.67,
JINHUA FOREIGN LANGUAGE SCHOOL694470,JINHUA FOREIGN LANGUAGE SCHOOL,n/a ,"CHINA, PEOPLES REPUBLIC",3.81,3.81,
JUMEIRAH ENGLISH SPEAKING SCHL697211,JUMEIRAH ENGLISH SPEAKING SCHL,n/a ,UNITED ARAB EMIRATES,4.06,,
K INTERNATIONAL SCH TOKYO680789,K INTERNATIONAL SCH TOKYO,n/a ,JAPAN,3.83,,
KADENA HIGH SCHOOL561650,KADENA HIGH SCHOOL,n/a ,APO/FPO/CPO USA,3.75,,
KANG CHIAO BILINGUAL SCHOOL694291,KANG CHIAO BILINGUAL SCHOOL,n/a ,TAIWAN,3.79,3.78,3.96
KANG CHIAO SCHOOL KUNSHAN694587,KANG CHIAO SCHOOL KUNSHAN,n/a ,"CHINA, PEOPLES REPUBLIC",3.64,3.77,3.92
KAOHSIUNG AMERICAN SCHOOL694251,KAOHSIUNG AMERICAN SCHOOL,n/a ,TAIWAN,3.97,3.96,3.84
KARACHI AMERICAN SCHOOL563020,KARACHI AMERICAN SCHOOL,n/a ,PAKISTAN,3.38,,
KARACHI GRAMMAR SCHOOL690140,KARACHI GRAMMAR SCHOOL,n/a ,PAKISTAN,3.76,3.76,4.11
KENYA990038,KENYA,n/a ,,3.61,,
KEYSTONE ACADEMY694627,KEYSTONE ACADEMY,n/a ,"CHINA, PEOPLES REPUBLIC",3.5,3.7,
KING FAISAL SCHOOL692127,KING FAISAL SCHOOL,n/a ,SAUDI ARABIA,3.84,4.07,
KING GEORGE V SCHOOL670530,KING GEORGE V SCHOOL,n/a ,HONG KONG,3.78,4.02,
KINGLEE HIGH SCHOOL694537,KINGLEE HIGH SCHOOL,n/a ,"CHINA, PEOPLES REPUBLIC",3.81,3.81,
KINGS ACADEMY681069,KINGS ACADEMY,n/a ,JORDAN,3.91,3.89,
KINGS COLLEGE792484,KINGS COLLEGE,n/a ,SPAIN,3.84,,
KODAIKANAL INTERNATIONAL SCH671680,KODAIKANAL INTERNATIONAL SCH,n/a ,INDIA,3.8,,
KOLEJ YAYASAN UEM686302,KOLEJ YAYASAN UEM,n/a ,MALAYSIA,3.93,3.97,3.96
KOREA INTERNATIONAL SCHL JEJU682003,KOREA INTERNATIONAL SCHL JEJU,n/a ,"KOREA, REPUBLIC OF (SOUTH)",3.96,3.95,3.93
KOREA INTERNATIONAL SCHOOL682376,KOREA INTERNATIONAL SCHOOL,n/a ,"KOREA, REPUBLIC OF (SOUTH)",4.05,4.06,4.07
KOREA KENT FOREIGN SCHOOL682375,KOREA KENT FOREIGN SCHOOL,n/a ,"KOREA, REPUBLIC OF (SOUTH)",4.09,4.09,
"KOREA,REPUBLIC OF990039","KOREA,REPUBLIC OF",n/a ,,3.54,3.86,3.85
KOREAN MINJOK LEADERSHIP ACAD682010,KOREAN MINJOK LEADERSHIP ACAD,n/a ,"KOREA, REPUBLIC OF (SOUTH)",4,4.01,
KUBASAKI HIGH SCHOOL DOD561660,KUBASAKI HIGH SCHOOL DOD,n/a ,JAPAN,3.9,,
KUNMING NO 1 HS DIANCHI RESORT694087,KUNMING NO 1 HS DIANCHI RESORT,n/a ,"CHINA, PEOPLES REPUBLIC",3.54,,
KUWAIT990040,KUWAIT,n/a ,,3.78,3.76,
LA MARTINIERE FOR BOYS671078,LA MARTINIERE FOR BOYS,n/a ,INDIA,3.66,3.68,
LA MARTINIERE FOR GIRLS671851,LA MARTINIERE FOR GIRLS,n/a ,INDIA,3.35,,
LAHORE AMERICAN SCHOOL690300,LAHORE AMERICAN SCHOOL,n/a ,PAKISTAN,3.36,3.73,
LAHORE GRAMMAR SCHOOL DEFENCE690267,LAHORE GRAMMAR SCHOOL DEFENCE,n/a ,PAKISTAN,3.96,3.96,
LEBANON990041,LEBANON,n/a ,,3.82,3.93,
LEYSIN AMERICAN SCHOOL796570,LEYSIN AMERICAN SCHOOL,n/a ,SWITZERLAND,3.86,3.95,
LI PO CHUN UNITED WORLD COLL670880,LI PO CHUN UNITED WORLD COLL,n/a ,HONG KONG,3.77,3.84,
LIAONING PROVINCE SHIYAN HS694353,LIAONING PROVINCE SHIYAN HS,n/a ,"CHINA, PEOPLES REPUBLIC",3.82,3.86,
LILAVATIBAI PODAR HIGH SCHOOL671865,LILAVATIBAI PODAR HIGH SCHOOL,n/a ,INDIA,3.58,,
LINYI NO 4 HIGH SCHOOL SHANDON694634,LINYI NO 4 HIGH SCHOOL SHANDON,n/a ,"CHINA, PEOPLES REPUBLIC",3.97,3.98,3.96
LIYANG HIGH SCHOOL OF JIANGSU694393,LIYANG HIGH SCHOOL OF JIANGSU,n/a ,"CHINA, PEOPLES REPUBLIC",3.78,3.91,
LOGOS INTERNATIONAL SCHOOL655000,LOGOS INTERNATIONAL SCHOOL,n/a ,CAMBODIA,3.98,,
LORD BYNG SECONDARY SCHOOL821500,LORD BYNG SECONDARY SCHOOL,n/a ,CANADA,3.8,3.81,3.81
LYCEUM SCHOOL690150,LYCEUM SCHOOL,n/a ,PAKISTAN,3.74,3.82,
MAGEE SECONDARY SCHOOL821510,MAGEE SECONDARY SCHOOL,n/a ,CANADA,3.74,,
MAHINDRA UNITED WORLD COLLEGE671718,MAHINDRA UNITED WORLD COLLEGE,n/a ,INDIA,3.8,3.89,
MALAYSIA990046,MALAYSIA,n/a ,,3.65,3.82,
MALLYA ADITI INTERNATIONAL SCH671059,MALLYA ADITI INTERNATIONAL SCH,n/a ,INDIA,3.63,3.75,3.72
MANARAT AL RIYADH INTRNTL SCHL692131,MANARAT AL RIYADH INTRNTL SCHL,n/a ,SAUDI ARABIA,3.96,3.94,
MAPLE LEAF INTRNTL SCHL WUHAN694362,MAPLE LEAF INTRNTL SCHL WUHAN,n/a ,"CHINA, PEOPLES REPUBLIC",3.66,3.72,3.77
MARC GARNEAU COLLEGIATE INST826131,MARC GARNEAU COLLEGIATE INST,n/a ,CANADA,3.85,,
MAYO COLLEGE671045,MAYO COLLEGE,n/a ,INDIA,3.82,,
MEADOWRIDGE SCHOOL821183,MEADOWRIDGE SCHOOL,n/a ,CANADA,4.06,4.04,
MEICUN HIGH SCHOOL OF JIANGSU694524,MEICUN HIGH SCHOOL OF JIANGSU,n/a ,"CHINA, PEOPLES REPUBLIC",3.68,,
MENAUL SCHOOL QINGDAO694090,MENAUL SCHOOL QINGDAO,n/a ,"CHINA, PEOPLES REPUBLIC",3.89,3.97,3.95
MEXICO990048,MEXICO,n/a ,,3.72,3.89,3.91
MIDDLE SCHOOL ATTACHED SICHUAN694555,MIDDLE SCHOOL ATTACHED SICHUAN,n/a ,"CHINA, PEOPLES REPUBLIC",3.84,3.84,
MING-DAO HIGH SCHOOL694368,MING-DAO HIGH SCHOOL,n/a ,TAIWAN,3.2,3.58,
MODERN SCHOOL BARAKHAMBA ROAD671861,MODERN SCHOOL BARAKHAMBA ROAD,n/a ,INDIA,3.74,3.73,
MODERN SCHOOL VASANT VIHAR671860,MODERN SCHOOL VASANT VIHAR,n/a ,INDIA,3.73,3.81,
MOROCCO990049,MOROCCO,n/a ,,3.94,,
MORRISON ACADEMY KAOHSIUNG694289,MORRISON ACADEMY KAOHSIUNG,n/a ,TAIWAN,3.86,3.86,
MORRISON ACADEMY694200,MORRISON ACADEMY,n/a ,TAIWAN,3.83,3.88,4.03
MULGRAVE SCHOOL821755,MULGRAVE SCHOOL,n/a ,CANADA,4.13,4.22,
"MYANMAR, UNION OF (BURMA)990094","MYANMAR, UNION OF (BURMA)",n/a ,"MYANMAR, UNION OF (BURMA)",3.65,3.7,
NAGOYA INTERNATIONAL SCHOOL680330,NAGOYA INTERNATIONAL SCHOOL,n/a ,JAPAN,3.85,,
NAJD NATIONAL SCHOOLS692160,NAJD NATIONAL SCHOOLS,n/a ,SAUDI ARABIA,3.75,,
NAN TONG MIDDLE SCH OF JIANGSU694373,NAN TONG MIDDLE SCH OF JIANGSU,n/a ,"CHINA, PEOPLES REPUBLIC",3.74,3.77,
NANCHANG NO 3 MIDDLE SCHOOL694656,NANCHANG NO 3 MIDDLE SCHOOL,n/a ,"CHINA, PEOPLES REPUBLIC",3.78,3.74,
NANJING DONGSHAN FOREIGN LANG694486,NANJING DONGSHAN FOREIGN LANG,n/a ,"CHINA, PEOPLES REPUBLIC",3.46,,
NANJING FOREIGN LANGUAGE SCH694268,NANJING FOREIGN LANGUAGE SCH,n/a ,"CHINA, PEOPLES REPUBLIC",3.71,3.87,
NANJING FORGN LNG SCH-XIANLIN694402,NANJING FORGN LNG SCH-XIANLIN,n/a ,"CHINA, PEOPLES REPUBLIC",3.76,3.78,3.82
NANJING JINLING HIGH SCHOOL694276,NANJING JINLING HIGH SCHOOL,n/a ,"CHINA, PEOPLES REPUBLIC",4.06,4.08,4.1
NANJING NO 1 HIGH SCHOOL694485,NANJING NO 1 HIGH SCHOOL,n/a ,"CHINA, PEOPLES REPUBLIC",3.9,3.94,4.07
NANNING NO 2 HIGH SCHOOL694538,NANNING NO 2 HIGH SCHOOL,n/a ,"CHINA, PEOPLES REPUBLIC",3.84,,
NATIONAL EXPERIMENTAL HS694246,NATIONAL EXPERIMENTAL HS,n/a ,TAIWAN,4.18,4.21,4.25
NATIONAL JUNIOR COLLEGE687215,NATIONAL JUNIOR COLLEGE,n/a ,SINGAPORE,3.55,,
NATIONAL PUB SCHL- KORAMANGALA671720,NATIONAL PUB SCHL- KORAMANGALA,n/a ,INDIA,3.85,,
NATIONAL PUBLIC SCHOOL - INDIR671115,NATIONAL PUBLIC SCHOOL - INDIR,n/a ,INDIA,3.68,3.67,
NATIONAL PUBLIC SCHOOL671222,NATIONAL PUBLIC SCHOOL,n/a ,INDIA,3.79,3.81,
NATIONAL-HIGH JAKARTA SCHOOL672194,NATIONAL-HIGH JAKARTA SCHOOL,n/a ,INDONESIA,3.77,,
NETHERLANDS990051,NETHERLANDS,n/a ,,3.08,,
NEW INTERNATIONAL SCH THAILAND695270,NEW INTERNATIONAL SCH THAILAND,n/a ,THAILAND,3.81,3.93,
NEW MILLENNIUM SCHOOL DPS654016,NEW MILLENNIUM SCHOOL DPS,n/a ,BAHRAIN,4,,
NEW ORIENTAL ACADEMY694547,NEW ORIENTAL ACADEMY,n/a ,"CHINA, PEOPLES REPUBLIC",3.58,3.71,
NEW ZEALAND990052,NEW ZEALAND,n/a ,,3.39,,
NIGERIA990053,NIGERIA,n/a ,,3.31,,
NINGBO BINHAI INTERNATIONAL694631,NINGBO BINHAI INTERNATIONAL,n/a ,"CHINA, PEOPLES REPUBLIC",3.94,3.95,
NINGBO FOREIGN LANGUAGE SCHL694416,NINGBO FOREIGN LANGUAGE SCHL,n/a ,"CHINA, PEOPLES REPUBLIC",3.22,,
NINGBO KENT SCHOOL - BARSTOW694662,NINGBO KENT SCHOOL - BARSTOW,n/a ,"CHINA, PEOPLES REPUBLIC",3.86,3.87,3.9
NINGBO XIAOSHI HIGH SCHOOL694563,NINGBO XIAOSHI HIGH SCHOOL,n/a ,"CHINA, PEOPLES REPUBLIC",3.49,,
NIXOR COLLEGE690257,NIXOR COLLEGE,n/a ,PAKISTAN,3.82,3.84,
NO 1 HS GUI YANG ST MARYS PROG694051,NO 1 HS GUI YANG ST MARYS PROG,n/a ,"CHINA, PEOPLES REPUBLIC",3.75,,
NO 1 MIDDLE-CENTRAL CHINA NORM694454,NO 1 MIDDLE-CENTRAL CHINA NORM,n/a ,"CHINA, PEOPLES REPUBLIC",4,4,
NO 2 HS EAST CHINA NORMAL UNIV694248,NO 2 HS EAST CHINA NORMAL UNIV,n/a ,"CHINA, PEOPLES REPUBLIC",3.9,3.93,3.98
NO 2 MIDDLE SCHOOL HANGZHOU694339,NO 2 MIDDLE SCHOOL HANGZHOU,n/a ,"CHINA, PEOPLES REPUBLIC",3.81,3.89,
NO 3 HIGH SCHL NANNING GUANGXI694583,NO 3 HIGH SCHL NANNING GUANGXI,n/a ,"CHINA, PEOPLES REPUBLIC",3.74,,
NOBLE HILLS ACADEMY694138,NOBLE HILLS ACADEMY,n/a ,"CHINA, PEOPLES REPUBLIC",3.74,,
NORTH CROSS SCHOOL SHANGHAI694548,NORTH CROSS SCHOOL SHANGHAI,n/a ,"CHINA, PEOPLES REPUBLIC",3.68,3.86,3.91
NORTH LONDON COLLEGIATE JEJU682194,NORTH LONDON COLLEGIATE JEJU,n/a ,"KOREA, REPUBLIC OF (SOUTH)",4.12,4.17,4.17
NORTHEAST YUCAI FRGN LANG SCH694263,NORTHEAST YUCAI FRGN LANG SCH,n/a ,"CHINA, PEOPLES REPUBLIC",3.97,3.96,
NORTHEAST YUCAI SCHOOL694312,NORTHEAST YUCAI SCHOOL,n/a ,"CHINA, PEOPLES REPUBLIC",3.96,3.95,
NPS INTERNATIONAL SCHOOL687235,NPS INTERNATIONAL SCHOOL,n/a ,SINGAPORE,3.59,3.49,
NUS HIGH SCHOOL MATH SCIENCE687221,NUS HIGH SCHOOL MATH SCIENCE,n/a ,SINGAPORE,3.81,,
OAKRIDGE INT SCH NEWTON CAMPUS671040,OAKRIDGE INT SCH NEWTON CAMPUS,n/a ,INDIA,3.66,3.96,
OAKVILLE TRAFALGAR HIGH SCHOOL826399,OAKVILLE TRAFALGAR HIGH SCHOOL,n/a ,CANADA,4.03,4.03,
OBEROI INTERNATIONAL SCHOOL671665,OBEROI INTERNATIONAL SCHOOL,n/a ,INDIA,3.87,3.96,4.07
OMAN971868,OMAN,n/a ,,3.64,,
OSAKA INTERNATIONAL SCHOOL680141,OSAKA INTERNATIONAL SCHOOL,n/a ,JAPAN,3.35,,
OTHER CALIF INSTITUTION989340,OTHER CALIF INSTITUTION,Unknown,,3.86,4.08,4.09
OVERSEAS FAMILY SCHOOL687217,OVERSEAS FAMILY SCHOOL,n/a ,SINGAPORE,3.72,3.78,
PACE JR SCI COLLEGE ANDHERI671690,PACE JR SCI COLLEGE ANDHERI,n/a ,INDIA,4,,
PACIFIC ACADEMY821362,PACIFIC ACADEMY,n/a ,CANADA,3.86,,
PACIFIC AMERICAN SCHOOL694225,PACIFIC AMERICAN SCHOOL,n/a ,TAIWAN,4.11,4.1,4.1
PAKISTAN990055,PAKISTAN,n/a ,,3.61,3.81,
PATHWAYS SCHOOL NOIDA671610,PATHWAYS SCHOOL NOIDA,n/a ,INDIA,3.66,3.79,
PATHWAYS SCHOOL-GURGAON671082,PATHWAYS SCHOOL-GURGAON,n/a ,INDIA,3.82,3.94,
PATHWAYS WORLD SCHOOL671626,PATHWAYS WORLD SCHOOL,n/a ,INDIA,3.8,3.97,
PEARSON COLLEGE UWC821643,PEARSON COLLEGE UWC,n/a ,CANADA,4.12,,
PEGASUS CALIFORNIA SCH QINGDAO694040,PEGASUS CALIFORNIA SCH QINGDAO,n/a ,"CHINA, PEOPLES REPUBLIC",3.91,3.94,4.11
PERU990058,PERU,n/a ,,4.03,,
PHILIPPINES990059,PHILIPPINES,n/a ,,3.38,3.48,
PINETREE SECONDARY SCHOOL821088,PINETREE SECONDARY SCHOOL,n/a ,CANADA,3.81,,
PODAR INTERNATIONAL SCHOOL671068,PODAR INTERNATIONAL SCHOOL,n/a ,INDIA,3.57,,
PORT MOODY SECONDARY SCHOOL821276,PORT MOODY SECONDARY SCHOOL,n/a ,CANADA,4.14,4.14,
PRIMACY COLLEGIATE ACADEMY694321,PRIMACY COLLEGIATE ACADEMY,n/a ,TAIWAN,3.81,3.81,
PRINCE OF WALES SECONDARY SCH821530,PRINCE OF WALES SECONDARY SCH,n/a ,CANADA,3.77,3.96,
PU TAI SENIOR HIGH SCHOOL694374,PU TAI SENIOR HIGH SCHOOL,n/a ,TAIWAN,3.75,3.76,
PYMBLE LADIES COLLEGE700241,PYMBLE LADIES COLLEGE,n/a ,AUSTRALIA,3.55,,
QATAR ACADEMY632010,QATAR ACADEMY,n/a ,QATAR,3.45,,
QATAR990084,QATAR,n/a ,,3.68,,
QINGDAO GRAND INTRNTL SCHOOL694013,QINGDAO GRAND INTRNTL SCHOOL,n/a ,"CHINA, PEOPLES REPUBLIC",3.85,,
QINGDAO NO 2 MIDDLE SCHOOL694420,QINGDAO NO 2 MIDDLE SCHOOL,n/a ,"CHINA, PEOPLES REPUBLIC",3.95,3.98,4.01
QSI INTL SCHOOL OF SHEKOU694517,QSI INTL SCHOOL OF SHEKOU,n/a ,"CHINA, PEOPLES REPUBLIC",3.98,3.93,
R N PODAR SCHOOL671109,R N PODAR SCHOOL,n/a ,INDIA,3.85,3.87,
RAFFLES INSTITUTION687241,RAFFLES INSTITUTION,n/a ,SINGAPORE,3.4,3.44,3.23
RDFZ CHAOYANG BRANCH SCHOOL694622,RDFZ CHAOYANG BRANCH SCHOOL,n/a ,"CHINA, PEOPLES REPUBLIC",3.44,3.6,
RDFZ XISHAN SCHOOL694343,RDFZ XISHAN SCHOOL,n/a ,"CHINA, PEOPLES REPUBLIC",3.84,3.91,4.02
RENAISSANCE COLLEGE670868,RENAISSANCE COLLEGE,n/a ,HONG KONG,3.97,3.93,
RICHMOND CHRISTIAN SEC SCHOOL821316,RICHMOND CHRISTIAN SEC SCHOOL,n/a ,CANADA,3.92,3.93,
RICHMOND HILL HIGH SCHOOL826580,RICHMOND HILL HIGH SCHOOL,n/a ,CANADA,4.1,,
RICHMOND SECONDARY SCHOOL821540,RICHMOND SECONDARY SCHOOL,n/a ,CANADA,4.02,4.11,
RIDLEY COLLEGE826597,RIDLEY COLLEGE,n/a ,CANADA,4.19,4.27,
RIVER VALLEY HIGH SCHOOL687005,RIVER VALLEY HIGH SCHOOL,n/a ,SINGAPORE,3.58,,
RIYADH SCHOOLS FOR BOYS/GIRLS692162,RIYADH SCHOOLS FOR BOYS/GIRLS,n/a ,SAUDI ARABIA,3.62,3.98,
ROBERT COLLEGE696220,ROBERT COLLEGE,n/a ,TURKEY,3.59,,
ROWAD ALKHALEEJ INTRNTL SCHOOL692093,ROWAD ALKHALEEJ INTRNTL SCHOOL,n/a ,SAUDI ARABIA,3.88,3.9,
RUAMRUDEE INTERNATIONAL SCHOOL695300,RUAMRUDEE INTERNATIONAL SCHOOL,n/a ,THAILAND,4.04,4.07,
RUIAN HIGH SCHOOL OF ZHEJIANG694340,RUIAN HIGH SCHOOL OF ZHEJIANG,n/a ,"CHINA, PEOPLES REPUBLIC",3.52,3.65,
SAIGON SOUTH INTERNATIONAL SCH698020,SAIGON SOUTH INTERNATIONAL SCH,n/a ,VIETNAM,3.91,4.02,
SAINT ANDREWS COLLEGE826019,SAINT ANDREWS COLLEGE,n/a ,CANADA,4.01,4.03,
SAINT FRANCIS XAVIER SEC SCH826350,SAINT FRANCIS XAVIER SEC SCH,n/a ,CANADA,4.03,,
SAINT GEORGES SCHOOL821550,SAINT GEORGES SCHOOL,n/a ,CANADA,4.02,4.03,
SAINT JOHNS SCHOOL821545,SAINT JOHNS SCHOOL,n/a ,CANADA,4.19,,
SAINT JOSEPHS INSTITUTION687236,SAINT JOSEPHS INSTITUTION,n/a ,SINGAPORE,4.04,,
SAINT MARYS INTERNATIONAL SCH680620,SAINT MARYS INTERNATIONAL SCH,n/a ,JAPAN,3.76,3.77,
SAINT MICHAELS UNIVERSITY SCH821720,SAINT MICHAELS UNIVERSITY SCH,n/a ,CANADA,3.92,4.03,
SAINT PAUL AMERICAN SCHOOL694260,SAINT PAUL AMERICAN SCHOOL,n/a ,"CHINA, PEOPLES REPUBLIC",3.85,4.03,
SAINT PAUL PREPARATORY SEOUL682371,SAINT PAUL PREPARATORY SEOUL,n/a ,"KOREA, REPUBLIC OF (SOUTH)",3.95,4.06,
SAINT PAULS COED COLLEGIATE670280,SAINT PAULS COED COLLEGIATE,n/a ,HONG KONG,3.7,3.79,
SAINT ROBERT CATHOLIC HS826249,SAINT ROBERT CATHOLIC HS,n/a ,CANADA,4.27,4.29,
SAN NEW SCHOOL694024,SAN NEW SCHOOL,n/a ,"CHINA, PEOPLES REPUBLIC",3.97,4.01,3.97
SANSKRITI SCHOOL671862,SANSKRITI SCHOOL,n/a ,INDIA,3.82,3.83,
SAUDI ARABIA990062,SAUDI ARABIA,n/a ,,3.96,3.98,3.98
SCOTTISH HIGH INTERNATIONAL671095,SCOTTISH HIGH INTERNATIONAL,n/a ,INDIA,3.91,3.91,
SECOND HS-BEIJING NORMAL UNIV694375,SECOND HS-BEIJING NORMAL UNIV,n/a ,"CHINA, PEOPLES REPUBLIC",3.86,3.88,3.93
SEISEN INTERNATIONAL SCHOOL680655,SEISEN INTERNATIONAL SCHOOL,n/a ,JAPAN,4,3.99,
SEKOLAH PELITA HARAPAN672109,SEKOLAH PELITA HARAPAN,n/a ,INDONESIA,3.96,,
SEMIAHMOO SECONDARY SCHOOL821805,SEMIAHMOO SECONDARY SCHOOL,n/a ,CANADA,4.13,4.16,4.14
SENTINEL SECONDARY SCHOOL821760,SENTINEL SECONDARY SCHOOL,n/a ,CANADA,4.03,4.09,
SEOUL FOREIGN SCHOOL682380,SEOUL FOREIGN SCHOOL,n/a ,"KOREA, REPUBLIC OF (SOUTH)",3.88,3.96,4.1
SEOUL GLOBAL HIGH SCHOOL682026,SEOUL GLOBAL HIGH SCHOOL,n/a ,"KOREA, REPUBLIC OF (SOUTH)",4.02,,
SEOUL INTERNATIONAL SCHOOL682385,SEOUL INTERNATIONAL SCHOOL,n/a ,"KOREA, REPUBLIC OF (SOUTH)",4.13,4.16,4.19
SEOUL SCHOLARS INTERNATIONAL682379,SEOUL SCHOLARS INTERNATIONAL,n/a ,"KOREA, REPUBLIC OF (SOUTH)",3.74,3.73,
SHANDONG EXPERIMENTAL HIGH SCH694446,SHANDONG EXPERIMENTAL HIGH SCH,n/a ,"CHINA, PEOPLES REPUBLIC",4.06,4.07,4.07
SHANGHAI AMERICAN SCH PUDONG694322,SHANGHAI AMERICAN SCH PUDONG,n/a ,"CHINA, PEOPLES REPUBLIC",4.07,4.06,4.01
SHANGHAI AMERICAN SCHOOL PUXI694241,SHANGHAI AMERICAN SCHOOL PUXI,n/a ,"CHINA, PEOPLES REPUBLIC",4.03,4.05,4.09
SHANGHAI COMM INTL SC-HONGQIAO694267,SHANGHAI COMM INTL SC-HONGQIAO,n/a ,"CHINA, PEOPLES REPUBLIC",4.05,4.05,
SHANGHAI EXPERIMENTAL FOREIGN694665,SHANGHAI EXPERIMENTAL FOREIGN,n/a ,"CHINA, PEOPLES REPUBLIC",3.69,3.81,
SHANGHAI FOREIGN LANGUAGE SCHL694121,SHANGHAI FOREIGN LANGUAGE SCHL,n/a ,"CHINA, PEOPLES REPUBLIC",3.53,3.67,3.71
SHANGHAI GEZHI HIGH SCHOOL694307,SHANGHAI GEZHI HIGH SCHOOL,n/a ,"CHINA, PEOPLES REPUBLIC",4.07,4.13,
SHANGHAI GUANGHUA SCHOOL694597,SHANGHAI GUANGHUA SCHOOL,n/a ,"CHINA, PEOPLES REPUBLIC",3.62,3.75,
SHANGHAI HIGH SCHOOL INTL DIV694242,SHANGHAI HIGH SCHOOL INTL DIV,n/a ,"CHINA, PEOPLES REPUBLIC",3.7,3.72,3.77
SHANGHAI HIGH SCHOOL694661,SHANGHAI HIGH SCHOOL,n/a ,"CHINA, PEOPLES REPUBLIC",3.8,3.81,
SHANGHAI INTRNL STDIES U XIWAI694036,SHANGHAI INTRNL STDIES U XIWAI,n/a ,"CHINA, PEOPLES REPUBLIC",3.54,3.58,
SHANGHAI INTRNTL STUDIES SCHL694588,SHANGHAI INTRNTL STUDIES SCHL,n/a ,"CHINA, PEOPLES REPUBLIC",3.93,3.87,
SHANGHAI JINSHAN WLD FGN LNG S694109,SHANGHAI JINSHAN WLD FGN LNG S,n/a ,"CHINA, PEOPLES REPUBLIC",3.88,3.88,
SHANGHAI PINGHE SCHOOL694497,SHANGHAI PINGHE SCHOOL,n/a ,"CHINA, PEOPLES REPUBLIC",3.97,4,4.01
SHANGHAI QI BAO DWIGHT HS694592,SHANGHAI QI BAO DWIGHT HS,n/a ,"CHINA, PEOPLES REPUBLIC",3.67,3.77,3.83
SHANGHAI SHANGDE EXPRMNTL SCH694038,SHANGHAI SHANGDE EXPRMNTL SCH,n/a ,"CHINA, PEOPLES REPUBLIC",3.89,4.01,
SHANGHAI SMIC PRIVATE SCHOOL694240,SHANGHAI SMIC PRIVATE SCHOOL,n/a ,"CHINA, PEOPLES REPUBLIC",3.81,3.94,4.06
SHANGHAI SOUTHWEST WEIYU MID694586,SHANGHAI SOUTHWEST WEIYU MID,n/a ,"CHINA, PEOPLES REPUBLIC",3.46,3.6,3.88
SHANGHAI STARRIVER BILINGUAL694545,SHANGHAI STARRIVER BILINGUAL,n/a ,"CHINA, PEOPLES REPUBLIC",3.63,3.71,3.68
SHANGHAI UNITED INTRNTL GUBEI694645,SHANGHAI UNITED INTRNTL GUBEI,n/a ,"CHINA, PEOPLES REPUBLIC",3.53,3.61,
SHANGHAI UNITED INTRNTL SCHOOL694510,SHANGHAI UNITED INTRNTL SCHOOL,n/a ,"CHINA, PEOPLES REPUBLIC",3.55,3.71,3.84
SHANGHAI WEIYU HIGH SCHOOL694620,SHANGHAI WEIYU HIGH SCHOOL,n/a ,"CHINA, PEOPLES REPUBLIC",3.79,3.9,4.01
SHANGHAI WORLD FOREIGN LANG MS694434,SHANGHAI WORLD FOREIGN LANG MS,n/a ,"CHINA, PEOPLES REPUBLIC",4.1,4.13,4.18
SHAOXING NO 1 HIGH SCHOOL694602,SHAOXING NO 1 HIGH SCHOOL,n/a ,"CHINA, PEOPLES REPUBLIC",3.72,3.83,
SHAWNIGAN LAKE SCHOOL821330,SHAWNIGAN LAKE SCHOOL,n/a ,CANADA,3.87,,
SHEKOU INTERNATIONAL SCHOOL694257,SHEKOU INTERNATIONAL SCHOOL,n/a ,"CHINA, PEOPLES REPUBLIC",4.01,4.01,
SHEN WAI INTERNATIONAL SCHOOL694664,SHEN WAI INTERNATIONAL SCHOOL,n/a ,"CHINA, PEOPLES REPUBLIC",3.93,3.95,
SHENZHEN COLLEGE INTRNTL EDUC694523,SHENZHEN COLLEGE INTRNTL EDUC,n/a ,"CHINA, PEOPLES REPUBLIC",3.58,3.65,
SHENZHEN CONCORD COLL SINO-CAN694275,SHENZHEN CONCORD COLL SINO-CAN,n/a ,"CHINA, PEOPLES REPUBLIC",3.61,3.6,
SHENZHEN FOREIGN LANGUAGE SCHL694325,SHENZHEN FOREIGN LANGUAGE SCHL,n/a ,"CHINA, PEOPLES REPUBLIC",4.05,4.06,
SHENZHEN HOUDE ACADEMY694026,SHENZHEN HOUDE ACADEMY,n/a ,"CHINA, PEOPLES REPUBLIC",3.77,3.77,3.8
SHENZHEN MIDDLE SCHOOL694324,SHENZHEN MIDDLE SCHOOL,n/a ,"CHINA, PEOPLES REPUBLIC",3.83,3.85,3.86
SHENZHEN RDF SCHOOL694111,SHENZHEN RDF SCHOOL,n/a ,"CHINA, PEOPLES REPUBLIC",3.83,3.85,
SHENZHEN SENIOR HIGH SCHOOL694603,SHENZHEN SENIOR HIGH SCHOOL,n/a ,"CHINA, PEOPLES REPUBLIC",3.98,3.97,4.02
SHENZHEN VANKE MEISHA ACADEMY694657,SHENZHEN VANKE MEISHA ACADEMY,n/a ,"CHINA, PEOPLES REPUBLIC",3.78,3.84,3.95
SHENZHEN YAOHUA EXPERIMNT SCHL694313,SHENZHEN YAOHUA EXPERIMNT SCHL,n/a ,"CHINA, PEOPLES REPUBLIC",3.94,3.96,3.99
SHENZHEN YONGYUAN EXPRMNTL SCH694640,SHENZHEN YONGYUAN EXPRMNTL SCH,n/a ,"CHINA, PEOPLES REPUBLIC",3.77,,
SHIKSHANTAR SENIOR SECONDARY671126,SHIKSHANTAR SENIOR SECONDARY,n/a ,INDIA,3.65,3.65,
SHIV NADAR SCHOOL NOIDA671213,SHIV NADAR SCHOOL NOIDA,n/a ,INDIA,3.95,,
SHRI RAM SCHOOL - ARAVALI671609,SHRI RAM SCHOOL - ARAVALI,n/a ,INDIA,3.83,3.88,
SHRI RAM SCHOOL - DLF CAMPUS671062,SHRI RAM SCHOOL - DLF CAMPUS,n/a ,INDIA,3.87,3.86,3.88
SHUDE HIGH SCHOOL FOREIGN LANG694658,SHUDE HIGH SCHOOL FOREIGN LANG,n/a ,"CHINA, PEOPLES REPUBLIC",3.96,3.98,4.03
SHUREN SCH YANGZHOU HS ED GRP694034,SHUREN SCH YANGZHOU HS ED GRP,n/a ,"CHINA, PEOPLES REPUBLIC",3.43,,
SINGAPORE AMERICAN SCHOOL687225,SINGAPORE AMERICAN SCHOOL,n/a ,SINGAPORE,3.86,3.96,4.02
SINGAPORE INTRNTL SCHL-MUMBAI671673,SINGAPORE INTRNTL SCHL-MUMBAI,n/a ,INDIA,4.03,4.05,
SINGAPORE990063,SINGAPORE,n/a ,,3.44,3.59,
SIR WINSTON CHURCHILL HS821570,SIR WINSTON CHURCHILL HS,n/a ,CANADA,4.06,4.14,
SJI INTERNATIONAL SCHOOL687006,SJI INTERNATIONAL SCHOOL,n/a ,SINGAPORE,3.75,3.87,
SOUTH AFRICA990064,SOUTH AFRICA,n/a ,,3.13,3.55,
SOUTHRIDGE SCHOOL821366,SOUTHRIDGE SCHOOL,n/a ,CANADA,4.05,4.13,
SPAIN990065,SPAIN,n/a ,,3.6,,
SRI KUMARAN CHILDREN HOME-CBSE671100,SRI KUMARAN CHILDREN HOME-CBSE,n/a ,INDIA,3.5,3.45,
ST JOHNSBURY ACADEMY JEJU682016,ST JOHNSBURY ACADEMY JEJU,n/a ,"KOREA, REPUBLIC OF (SOUTH)",3.87,3.87,
ST NICHOLAS SCHOOL910006,ST NICHOLAS SCHOOL,n/a ,BRAZIL,3.73,3.93,
STEP BY STEP SCHOOL671770,STEP BY STEP SCHOOL,n/a ,INDIA,3.75,3.81,
STEVESTON LONDON SECONDARY SCH821307,STEVESTON LONDON SECONDARY SCH,n/a ,CANADA,3.9,3.91,
STONEHILL INTERNATIONAL SCHOOL671056,STONEHILL INTERNATIONAL SCHOOL,n/a ,INDIA,4.04,,
STRAWBERRY FIELDS HIGH SCHOOL671560,STRAWBERRY FIELDS HIGH SCHOOL,n/a ,INDIA,3.8,3.8,
STUTTGART HIGH SCHOOL576325,STUTTGART HIGH SCHOOL,n/a ,APO/FPO/CPO USA,3.74,,
SUNCITY SCHOOL671230,SUNCITY SCHOOL,n/a ,INDIA,3.86,3.84,
SUNWAY COLLEGE686424,SUNWAY COLLEGE,n/a ,MALAYSIA,3.48,,
SUZHOU EXPERIMENTAL HIGH SCHL694473,SUZHOU EXPERIMENTAL HIGH SCHL,n/a ,"CHINA, PEOPLES REPUBLIC",3.78,3.78,
SUZHOU FOREIGN LANGUAGE SCHOOL694300,SUZHOU FOREIGN LANGUAGE SCHOOL,n/a ,"CHINA, PEOPLES REPUBLIC",3.88,3.88,3.9
SUZHOU HS OF JIANGSU PROVINCE694261,SUZHOU HS OF JIANGSU PROVINCE,n/a ,"CHINA, PEOPLES REPUBLIC",3.87,3.84,3.82
SUZHOU NORTH AMERICA HIGH SCHL694650,SUZHOU NORTH AMERICA HIGH SCHL,n/a ,"CHINA, PEOPLES REPUBLIC",3.66,3.72,3.81
SUZHOU SINGAPORE INTL SCHOOL694207,SUZHOU SINGAPORE INTL SCHOOL,n/a ,"CHINA, PEOPLES REPUBLIC",3.97,,
SWEDEN990068,SWEDEN,n/a ,,3.48,3.39,
SWITZERLAND990069,SWITZERLAND,n/a ,,3.45,3.57,
TAEJON CHRISTIAN INTL SCHOOL682420,TAEJON CHRISTIAN INTL SCHOOL,n/a ,"KOREA, REPUBLIC OF (SOUTH)",3.95,4.01,4.01
TAIPEI AMERICAN SCHOOL694210,TAIPEI AMERICAN SCHOOL,n/a ,TAIWAN,3.93,3.95,3.93
TAIPEI EUROPEAN SCHOOL694304,TAIPEI EUROPEAN SCHOOL,n/a ,TAIWAN,3.42,3.68,
TAIPEI FUHSING PRIVATE SCHOOL694372,TAIPEI FUHSING PRIVATE SCHOOL,n/a ,TAIWAN,3.91,3.89,3.85
TAIPEI KUEI SHAN SCHOOL694572,TAIPEI KUEI SHAN SCHOOL,n/a ,TAIWAN,3.53,,
TAIPEI MUNICIPAL FIRST GIRLS694400,TAIPEI MUNICIPAL FIRST GIRLS,n/a ,TAIWAN,3.7,3.71,
TAIPEI MUNICIPAL JIANGUO HIGH694436,TAIPEI MUNICIPAL JIANGUO HIGH,n/a ,TAIWAN,3.41,3.65,
TAIPEI WEGO PRIVATE SENIOR HS694536,TAIPEI WEGO PRIVATE SENIOR HS,n/a ,TAIWAN,3.67,3.73,3.61
TAIWAN990011,TAIWAN,n/a ,TAIWAN,3.52,3.67,3.57
"TASIS, AMERICAN SCH IN ENGLAND724736","TASIS, AMERICAN SCH IN ENGLAND",n/a ,ENGLAND,3.98,4.18,
THAILAND990073,THAILAND,n/a ,,3.61,3.76,
TIANJIN FOREIGN LANGUAGE SCHL694488,TIANJIN FOREIGN LANGUAGE SCHL,n/a ,"CHINA, PEOPLES REPUBLIC",3.71,3.78,
TIANJIN INTERNATIONAL SCHOOL694550,TIANJIN INTERNATIONAL SCHOOL,n/a ,"CHINA, PEOPLES REPUBLIC",3.86,,
TRINIDAD & TOBAGO971836,TRINIDAD & TOBAGO,n/a ,TRINIDAD & TOBAGO,3.55,,
TSINGHUA INTERNATIONAL SCHOOL694296,TSINGHUA INTERNATIONAL SCHOOL,n/a ,"CHINA, PEOPLES REPUBLIC",3.99,4.02,4.15
TSINGHUA UNIV HS INTL CHAOYANG694056,TSINGHUA UNIV HS INTL CHAOYANG,n/a ,"CHINA, PEOPLES REPUBLIC",3.77,3.84,
TSINGHUA UNIVERSITY HIGH SCH694019,TSINGHUA UNIVERSITY HIGH SCH,n/a ,"CHINA, PEOPLES REPUBLIC",3.67,,
TURKEY990074,TURKEY,n/a ,,3.49,,
ULINK COLLEGE OF SHANGHAI694085,ULINK COLLEGE OF SHANGHAI,n/a ,"CHINA, PEOPLES REPUBLIC",3.45,3.62,
UNIONVILLE HIGH SCHOOL826891,UNIONVILLE HIGH SCHOOL,n/a ,CANADA,3.96,3.96,
UNITED ARAB EMIRATES990076,UNITED ARAB EMIRATES,n/a ,UNITED ARAB EMIRATES,3.74,3.88,3.9
UNITED KINGDOM990077,UNITED KINGDOM,n/a ,UNITED KINGDOM,3.78,3.89,4.01
UNITED WORLD COLG MAASTRICHT759463,UNITED WORLD COLG MAASTRICHT,n/a ,NETHERLANDS,4.04,4.04,
UNITED WORLD COLG SE ASIA-EAST687190,UNITED WORLD COLG SE ASIA-EAST,n/a ,SINGAPORE,3.96,4.03,4.02
UNITED WORLD COLL COSTA RICA834130,UNITED WORLD COLL COSTA RICA,n/a ,COSTA RICA,4,4.01,
UNITED WORLD COLLEGE CHANGSHU694637,UNITED WORLD COLLEGE CHANGSHU,n/a ,"CHINA, PEOPLES REPUBLIC",3.78,3.94,
UNITED WORLD COLLEGE-DOVER687229,UNITED WORLD COLLEGE-DOVER,n/a ,SINGAPORE,3.99,4.04,
UNIVERSAL AMERICAN SCHOOL THE683081,UNIVERSAL AMERICAN SCHOOL THE,n/a ,KUWAIT,3.83,,
UNIVERSITY HILL SECONDARY SCH821590,UNIVERSITY HILL SECONDARY SCH,n/a ,CANADA,3.97,3.95,
UNIVERSITY OF TORONTO SCHOOLS826877,UNIVERSITY OF TORONTO SCHOOLS,n/a ,CANADA,4.18,4.19,
UPPER CANADA COLLEGE826879,UPPER CANADA COLLEGE,n/a ,CANADA,3.92,3.93,
UWC ISAK JAPAN680042,UWC ISAK JAPAN,n/a ,JAPAN,3.61,,
UWC THAILAND INTERNATIONAL SCH695431,UWC THAILAND INTERNATIONAL SCH,n/a ,THAILAND,3.97,,
VICTORIA PARK SECONDARY SCHOOL826120,VICTORIA PARK SECONDARY SCHOOL,n/a ,CANADA,3.93,,
VICTORIA SHANGHAI ACADEMY670903,VICTORIA SHANGHAI ACADEMY,n/a ,HONG KONG,3.75,3.82,
VIETNAM990098,VIETNAM,n/a ,,3.55,,
WALNUT GROVE SECONDARY SCHOOL821161,WALNUT GROVE SECONDARY SCHOOL,n/a ,CANADA,3.74,3.74,
WELHAM BOYS SCHOOL671152,WELHAM BOYS SCHOOL,n/a ,INDIA,3.86,,
WELLS INTERNATIONAL SCHOOL695346,WELLS INTERNATIONAL SCHOOL,n/a ,THAILAND,3.71,,
WEST POINT GREY ACADEMY821725,WEST POINT GREY ACADEMY,n/a ,CANADA,3.98,3.98,
WESTERN ACADEMY OF BEIJING694203,WESTERN ACADEMY OF BEIJING,n/a ,"CHINA, PEOPLES REPUBLIC",4.11,4.14,
WESTERN CANADA HIGH SCHOOL820225,WESTERN CANADA HIGH SCHOOL,n/a ,CANADA,3.94,4.2,
WHITE OAKS SECONDARY SCHOOL826401,WHITE OAKS SECONDARY SCHOOL,n/a ,CANADA,4.28,4.3,
WLSA SHANGHAI ACADEMY694146,WLSA SHANGHAI ACADEMY,n/a ,"CHINA, PEOPLES REPUBLIC",3.58,3.67,3.7
WOODSTOCK SCHOOL671740,WOODSTOCK SCHOOL,n/a ,INDIA,4.09,4.06,
WUHAN BRITAIN-CHINA SCHOOL694134,WUHAN BRITAIN-CHINA SCHOOL,n/a ,"CHINA, PEOPLES REPUBLIC",3.71,3.69,3.67
WUHAN FOREIGN LANGUAGES SCHOOL694471,WUHAN FOREIGN LANGUAGES SCHOOL,n/a ,"CHINA, PEOPLES REPUBLIC",3.57,3.68,
WUHAN NO 6 HIGH SCHOOL694535,WUHAN NO 6 HIGH SCHOOL,n/a ,"CHINA, PEOPLES REPUBLIC",3.87,3.87,
WUXI BIG BRIDGE ACADEMY694520,WUXI BIG BRIDGE ACADEMY,n/a ,"CHINA, PEOPLES REPUBLIC",3.87,3.93,
XAVIER SCHOOL705640,XAVIER SCHOOL,n/a ,PHILIPPINES,3.52,3.65,
XIAMEN FOREIGN LANGUAGE SCHOOL694330,XIAMEN FOREIGN LANGUAGE SCHOOL,n/a ,"CHINA, PEOPLES REPUBLIC",3.88,3.91,
XIAN GAO XIN NO 1 HIGH SCHOOL694297,XIAN GAO XIN NO 1 HIGH SCHOOL,n/a ,"CHINA, PEOPLES REPUBLIC",3.93,3.97,3.96
XIAN TIE YI HIGH SCHOOL694568,XIAN TIE YI HIGH SCHOOL,n/a ,"CHINA, PEOPLES REPUBLIC",3.52,,
YALI HIGH SCHOOL694502,YALI HIGH SCHOOL,n/a ,"CHINA, PEOPLES REPUBLIC",3.79,3.81,3.95
YANCHENG EXPERIMENTAL HS694644,YANCHENG EXPERIMENTAL HS,n/a ,"CHINA, PEOPLES REPUBLIC",3.77,3.8,
YANGON INTERNATIONAL SCHOOL653069,YANGON INTERNATIONAL SCHOOL,n/a ,"MYANMAR, UNION OF (BURMA)",3.72,3.88,
YANGZHOU HS JIANGSU PROVINCE694308,YANGZHOU HS JIANGSU PROVINCE,n/a ,"CHINA, PEOPLES REPUBLIC",3.81,3.96,3.91
YEW CHUNG INTERNATIONAL SCHOOL670774,YEW CHUNG INTERNATIONAL SCHOOL,n/a ,HONG KONG,3.71,,
YEW CHUNG INTL SCH OF SHANGHAI694217,YEW CHUNG INTL SCH OF SHANGHAI,n/a ,"CHINA, PEOPLES REPUBLIC",3.82,3.77,
YK PAO SCHOOL694616,YK PAO SCHOOL,n/a ,"CHINA, PEOPLES REPUBLIC",3.95,4.01,
YOKOHAMA INTERNATIONAL SCHOOL680888,YOKOHAMA INTERNATIONAL SCHOOL,n/a ,JAPAN,3.97,4.06,
YONGSAN INTL SCHOOL SEOUL682230,YONGSAN INTL SCHOOL SEOUL,n/a ,"KOREA, REPUBLIC OF (SOUTH)",4.05,4.07,4.09
YORK HOUSE SCHOOL821630,YORK HOUSE SCHOOL,n/a ,CANADA,4.02,4.01,
YUEZHOU HIGH SCHOOL694441,YUEZHOU HIGH SCHOOL,n/a ,"CHINA, PEOPLES REPUBLIC",3.6,,
YUSR INTERNATIONAL SCHOOL692153,YUSR INTERNATIONAL SCHOOL,n/a ,SAUDI ARABIA,3.91,,
ZHEJIANG FUYANG HIGH SCHOOL694371,ZHEJIANG FUYANG HIGH SCHOOL,n/a ,"CHINA, PEOPLES REPUBLIC",3.81,3.81,
ZHEJIANG HUZHOU HIGH SCHOOL694499,ZHEJIANG HUZHOU HIGH SCHOOL,n/a ,"CHINA, PEOPLES REPUBLIC",3.94,,
ZHENGZHOU FOREIGN LANGUAGE SCH694361,ZHENGZHOU FOREIGN LANGUAGE SCH,n/a ,"CHINA, PEOPLES REPUBLIC",3.84,3.86,3.8
ZHENGZHOU MIDDLE SCHOOL694448,ZHENGZHOU MIDDLE SCHOOL,n/a ,"CHINA, PEOPLES REPUBLIC",3.75,3.74,
ZHENGZHOU NO 7 MIDDLE SCHOOL694440,ZHENGZHOU NO 7 MIDDLE SCHOOL,n/a ,"CHINA, PEOPLES REPUBLIC",3.79,3.79,3.61
ZHENGZHOU NO 11 HS ST MARYS PR694023,ZHENGZHOU NO 11 HS ST MARYS PR,n/a ,"CHINA, PEOPLES REPUBLIC",3.77,3.79,3.91
ZHENGZHOU NO 47 MIDDLE & HIGH694388,ZHENGZHOU NO 47 MIDDLE & HIGH,n/a ,"CHINA, PEOPLES REPUBLIC",3.75,3.76,
ZHIXIN HIGH SCHOOL694022,ZHIXIN HIGH SCHOOL,n/a ,"CHINA, PEOPLES REPUBLIC",3.69,3.7,3.76
ZIBO EXPERIMENTAL HIGH SCHOOL694601,ZIBO EXPERIMENTAL HIGH SCHOOL,n/a ,"CHINA, PEOPLES REPUBLIC",3.81,3.81,
ZURICH INTERNATIONAL SCHOOL796330,ZURICH INTERNATIONAL SCHOOL,n/a ,SWITZERLAND,4.05,,